date,symbol,price
2022-01-03,AAPL,182.00999450683594
2022-01-03,AMZN,170.4044952392578
2022-01-03,CDR.PL,200.60000610351562
2022-01-03,CSPX.UK,
2022-01-03,DAXEX.DE,
2022-01-03,GOOGL,144.9915008544922
2022-01-03,TSLA,399.9266662597656
2022-01-03,V80A.DE,30.71500015258789
2022-01-04,AAPL,179.6999969482422
2022-01-04,AMZN,167.52200317382812
2022-01-04,CDR.PL,198.4600067138672
2022-01-04,CSPX.UK,489.19000244140625
2022-01-04,DAXEX.DE,
2022-01-04,GOOGL,144.39950561523438
2022-01-04,TSLA,383.1966552734375
2022-01-04,V80A.DE,30.764999389648438
2022-01-05,AAPL,174.9199981689453
2022-01-05,AMZN,164.35699462890625
2022-01-05,CDR.PL,204.0
2022-01-05,CSPX.UK,488.7099914550781
2022-01-05,DAXEX.DE,
2022-01-05,GOOGL,137.77499389648438
2022-01-05,TSLA,362.7066650390625
2022-01-05,V80A.DE,30.735000610351562
2022-01-06,AAPL,172.0
2022-01-06,AMZN,163.25399780273438
2022-01-06,CDR.PL,
2022-01-06,CSPX.UK,480.19000244140625
2022-01-06,DAXEX.DE,
2022-01-06,GOOGL,137.74749755859375
2022-01-06,TSLA,354.8999938964844
2022-01-06,V80A.DE,30.334999084472656
2022-01-07,AAPL,172.1699981689453
2022-01-07,AMZN,162.5540008544922
2022-01-07,CDR.PL,198.63999938964844
2022-01-07,CSPX.UK,477.8800048828125
2022-01-07,DAXEX.DE,
2022-01-07,GOOGL,137.01699829101562
2022-01-07,TSLA,342.32000732421875
2022-01-07,V80A.DE,30.125
2022-01-10,AAPL,172.19000244140625
2022-01-10,AMZN,161.48599243164062
2022-01-10,CDR.PL,188.10000610351562
2022-01-10,CSPX.UK,470.80999755859375
2022-01-10,DAXEX.DE,
2022-01-10,GOOGL,138.66949462890625
2022-01-10,TSLA,352.7066650390625
2022-01-10,V80A.DE,29.975000381469727
2022-01-11,AAPL,175.0800018310547
2022-01-11,AMZN,165.36199951171875
2022-01-11,CDR.PL,188.55999755859375
2022-01-11,CSPX.UK,477.8999938964844
2022-01-11,DAXEX.DE,
2022-01-11,GOOGL,139.73599243164062
2022-01-11,TSLA,354.79998779296875
2022-01-11,V80A.DE,30.209999084472656
2022-01-12,AAPL,175.52999877929688
2022-01-12,AMZN,165.20700073242188
2022-01-12,CDR.PL,196.0
2022-01-12,CSPX.UK,482.510009765625
2022-01-12,DAXEX.DE,
2022-01-12,GOOGL,141.4304962158203
2022-01-12,TSLA,368.739990234375
2022-01-12,V80A.DE,30.350000381469727
2022-01-13,AAPL,172.19000244140625
2022-01-13,AMZN,161.21400451660156
2022-01-13,CDR.PL,193.02000427246094
2022-01-13,CSPX.UK,482.5
2022-01-13,DAXEX.DE,
2022-01-13,GOOGL,138.58700561523438
2022-01-13,TSLA,343.85333251953125
2022-01-13,V80A.DE,30.280000686645508
2022-01-14,AAPL,173.07000732421875
2022-01-14,AMZN,162.13800048828125
2022-01-14,CDR.PL,191.0
2022-01-14,CSPX.UK,473.55999755859375
2022-01-14,DAXEX.DE,
2022-01-14,GOOGL,139.48049926757812
2022-01-14,TSLA,349.8699951171875
2022-01-14,V80A.DE,29.959999084472656
2022-01-17,AAPL,
2022-01-17,AMZN,
2022-01-17,CDR.PL,191.0
2022-01-17,CSPX.UK,476.6400146484375
2022-01-17,DAXEX.DE,
2022-01-17,GOOGL,
2022-01-17,TSLA,
2022-01-17,V80A.DE,30.145000457763672
2022-01-18,AAPL,169.8000030517578
2022-01-18,AMZN,158.91749572753906
2022-01-18,CDR.PL,194.0
2022-01-18,CSPX.UK,468.1000061035156
2022-01-18,DAXEX.DE,
2022-01-18,GOOGL,135.9980010986328
2022-01-18,TSLA,343.5033264160156
2022-01-18,V80A.DE,29.844999313354492
2022-01-19,AAPL,166.22999572753906
2022-01-19,AMZN,156.2989959716797
2022-01-19,CDR.PL,187.74000549316406
2022-01-19,CSPX.UK,466.5199890136719
2022-01-19,DAXEX.DE,
2022-01-19,GOOGL,135.1165008544922
2022-01-19,TSLA,331.8833312988281
2022-01-19,V80A.DE,29.764999389648438
2022-01-20,AAPL,164.50999450683594
2022-01-20,AMZN,151.66749572753906
2022-01-20,CDR.PL,190.0
2022-01-20,CSPX.UK,469.44000244140625
2022-01-20,DAXEX.DE,
2022-01-20,GOOGL,133.3074951171875
2022-01-20,TSLA,332.0899963378906
2022-01-20,V80A.DE,29.954999923706055
2022-01-21,AAPL,162.41000366210938
2022-01-21,AMZN,142.64300537109375
2022-01-21,CDR.PL,186.0
2022-01-21,CSPX.UK,457.8800048828125
2022-01-21,DAXEX.DE,
2022-01-21,GOOGL,130.35150146484375
2022-01-21,TSLA,314.6333312988281
2022-01-21,V80A.DE,29.46500015258789
2022-01-24,AAPL,161.6199951171875
2022-01-24,AMZN,144.54400634765625
2022-01-24,CDR.PL,178.0
2022-01-24,CSPX.UK,437.95001220703125
2022-01-24,DAXEX.DE,
2022-01-24,GOOGL,130.8040008544922
2022-01-24,TSLA,310.0
2022-01-24,V80A.DE,28.545000076293945
2022-01-25,AAPL,159.77999877929688
2022-01-25,AMZN,139.98599243164062
2022-01-25,CDR.PL,172.82000732421875
2022-01-25,CSPX.UK,441.9100036621094
2022-01-25,DAXEX.DE,
2022-01-25,GOOGL,126.93499755859375
2022-01-25,TSLA,306.1333312988281
2022-01-25,V80A.DE,28.729999542236328
2022-01-26,AAPL,159.69000244140625
2022-01-26,AMZN,138.87249755859375
2022-01-26,CDR.PL,173.1199951171875
2022-01-26,CSPX.UK,451.7900085449219
2022-01-26,DAXEX.DE,
2022-01-26,GOOGL,129.23300170898438
2022-01-26,TSLA,312.4700012207031
2022-01-26,V80A.DE,29.18000030517578
2022-01-27,AAPL,159.22000122070312
2022-01-27,AMZN,139.6374969482422
2022-01-27,CDR.PL,175.39999389648438
2022-01-27,CSPX.UK,450.010009765625
2022-01-27,DAXEX.DE,
2022-01-27,GOOGL,129.0050048828125
2022-01-27,TSLA,276.3666687011719
2022-01-27,V80A.DE,29.239999771118164
2022-01-28,AAPL,170.3300018310547
2022-01-28,AMZN,143.97799682617188
2022-01-28,CDR.PL,166.22000122070312
2022-01-28,CSPX.UK,445.7699890136719
2022-01-28,DAXEX.DE,
2022-01-28,GOOGL,133.3509979248047
2022-01-28,TSLA,282.1166687011719
2022-01-28,V80A.DE,29.03499984741211
2022-01-31,AAPL,174.77999877929688
2022-01-31,AMZN,149.57350158691406
2022-01-31,CDR.PL,180.05999755859375
2022-01-31,CSPX.UK,456.1400146484375
2022-01-31,DAXEX.DE,
2022-01-31,GOOGL,135.30349731445312
2022-01-31,TSLA,312.239990234375
2022-01-31,V80A.DE,29.395000457763672
2022-02-01,AAPL,174.61000061035156
2022-02-01,AMZN,151.19349670410156
2022-02-01,CDR.PL,180.94000244140625
2022-02-01,CSPX.UK,461.4700012207031
2022-02-01,DAXEX.DE,
2022-02-01,GOOGL,137.6439971923828
2022-02-01,TSLA,310.4166564941406
2022-02-01,V80A.DE,29.59000015258789
2022-02-02,AAPL,175.83999633789062
2022-02-02,AMZN,150.6125030517578
2022-02-02,CDR.PL,185.83999633789062
2022-02-02,CSPX.UK,465.1499938964844
2022-02-02,DAXEX.DE,
2022-02-02,GOOGL,148.0
2022-02-02,TSLA,301.88665771484375
2022-02-02,V80A.DE,29.674999237060547
2022-02-03,AAPL,172.89999389648438
2022-02-03,AMZN,138.8455047607422
2022-02-03,CDR.PL,185.0
2022-02-03,CSPX.UK,462.3399963378906
2022-02-03,DAXEX.DE,
2022-02-03,GOOGL,143.08999633789062
2022-02-03,TSLA,297.0466613769531
2022-02-03,V80A.DE,29.229999542236328
2022-02-04,AAPL,172.38999938964844
2022-02-04,AMZN,157.63949584960938
2022-02-04,CDR.PL,177.8800048828125
2022-02-04,CSPX.UK,457.69000244140625
2022-02-04,DAXEX.DE,
2022-02-04,GOOGL,143.29299926757812
2022-02-04,TSLA,307.7733459472656
2022-02-04,V80A.DE,28.954999923706055
2022-02-07,AAPL,171.66000366210938
2022-02-07,AMZN,157.9355010986328
2022-02-07,CDR.PL,179.55999755859375
2022-02-07,CSPX.UK,459.67999267578125
2022-02-07,DAXEX.DE,
2022-02-07,GOOGL,139.2010040283203
2022-02-07,TSLA,302.4466552734375
2022-02-07,V80A.DE,29.094999313354492
2022-02-08,AAPL,174.8300018310547
2022-02-08,AMZN,161.4134979248047
2022-02-08,CDR.PL,178.4600067138672
2022-02-08,CSPX.UK,460.7799987792969
2022-02-08,DAXEX.DE,
2022-02-08,GOOGL,139.3990020751953
2022-02-08,TSLA,307.3333435058594
2022-02-08,V80A.DE,29.184999465942383
2022-02-09,AAPL,176.27999877929688
2022-02-09,AMZN,161.1894989013672
2022-02-09,CDR.PL,183.60000610351562
2022-02-09,CSPX.UK,467.6099853515625
2022-02-09,DAXEX.DE,
2022-02-09,GOOGL,141.5919952392578
2022-02-09,TSLA,310.6666564941406
2022-02-09,V80A.DE,29.469999313354492
2022-02-10,AAPL,172.1199951171875
2022-02-10,AMZN,159.0034942626953
2022-02-10,CDR.PL,181.47999572753906
2022-02-10,CSPX.UK,465.489990234375
2022-02-10,DAXEX.DE,
2022-02-10,GOOGL,138.6199951171875
2022-02-10,TSLA,301.51666259765625
2022-02-10,V80A.DE,29.3799991607666
2022-02-11,AAPL,168.63999938964844
2022-02-11,AMZN,153.2935028076172
2022-02-11,CDR.PL,178.02000427246094
2022-02-11,CSPX.UK,458.9100036621094
2022-02-11,DAXEX.DE,
2022-02-11,GOOGL,134.28250122070312
2022-02-11,TSLA,286.6666564941406
2022-02-11,V80A.DE,29.190000534057617
2022-02-14,AAPL,168.8800048828125
2022-02-14,AMZN,155.16700744628906
2022-02-14,CDR.PL,178.8000030517578
2022-02-14,CSPX.UK,450.7099914550781
2022-02-14,DAXEX.DE,
2022-02-14,GOOGL,135.5260009765625
2022-02-14,TSLA,291.9200134277344
2022-02-14,V80A.DE,28.950000762939453
2022-02-15,AAPL,172.7899932861328
2022-02-15,AMZN,156.510498046875
2022-02-15,CDR.PL,180.86000061035156
2022-02-15,CSPX.UK,456.6199951171875
2022-02-15,DAXEX.DE,
2022-02-15,GOOGL,136.60850524902344
2022-02-15,TSLA,307.4766540527344
2022-02-15,V80A.DE,29.174999237060547
2022-02-16,AAPL,172.5500030517578
2022-02-16,AMZN,158.10049438476562
2022-02-16,CDR.PL,181.8000030517578
2022-02-16,CSPX.UK,454.1400146484375
2022-02-16,DAXEX.DE,
2022-02-16,GOOGL,137.73800659179688
2022-02-16,TSLA,307.7966613769531
2022-02-16,V80A.DE,29.110000610351562
2022-02-17,AAPL,168.8800048828125
2022-02-17,AMZN,154.65249633789062
2022-02-17,CDR.PL,180.0
2022-02-17,CSPX.UK,452.30999755859375
2022-02-17,DAXEX.DE,
2022-02-17,GOOGL,132.53900146484375
2022-02-17,TSLA,292.1166687011719
2022-02-17,V80A.DE,29.03499984741211
2022-02-18,AAPL,167.3000030517578
2022-02-18,AMZN,152.60150146484375
2022-02-18,CDR.PL,174.8000030517578
2022-02-18,CSPX.UK,445.510009765625
2022-02-18,DAXEX.DE,
2022-02-18,GOOGL,130.4029998779297
2022-02-18,TSLA,285.6600036621094
2022-02-18,V80A.DE,28.770000457763672
2022-02-21,AAPL,
2022-02-21,AMZN,
2022-02-21,CDR.PL,169.0
2022-02-21,CSPX.UK,440.5
2022-02-21,DAXEX.DE,
2022-02-21,GOOGL,
2022-02-21,TSLA,
2022-02-21,V80A.DE,28.579999923706055
2022-02-22,AAPL,164.32000732421875
2022-02-22,AMZN,150.19749450683594
2022-02-22,CDR.PL,171.10000610351562
2022-02-22,CSPX.UK,442.4800109863281
2022-02-22,DAXEX.DE,
2022-02-22,GOOGL,129.81350708007812
2022-02-22,TSLA,273.84332275390625
2022-02-22,V80A.DE,28.545000076293945
2022-02-23,AAPL,160.07000732421875
2022-02-23,AMZN,144.82699584960938
2022-02-23,CDR.PL,169.39999389648438
2022-02-23,CSPX.UK,437.760009765625
2022-02-23,DAXEX.DE,
2022-02-23,GOOGL,127.58799743652344
2022-02-23,TSLA,254.67999267578125
2022-02-23,V80A.DE,28.420000076293945
2022-02-24,AAPL,162.74000549316406
2022-02-24,AMZN,151.35800170898438
2022-02-24,CDR.PL,159.86000061035156
2022-02-24,CSPX.UK,428.30999755859375
2022-02-24,DAXEX.DE,
2022-02-24,GOOGL,132.6909942626953
2022-02-24,TSLA,266.92333984375
2022-02-24,V80A.DE,28.030000686645508
2022-02-25,AAPL,164.85000610351562
2022-02-25,AMZN,153.7884979248047
2022-02-25,CDR.PL,164.39999389648438
2022-02-25,CSPX.UK,446.239990234375
2022-02-25,DAXEX.DE,
2022-02-25,GOOGL,134.45950317382812
2022-02-25,TSLA,269.9566650390625
2022-02-25,V80A.DE,28.700000762939453
2022-02-28,AAPL,165.1199951171875
2022-02-28,AMZN,153.56300354003906
2022-02-28,CDR.PL,168.39999389648438
2022-02-28,CSPX.UK,448.17999267578125
2022-02-28,DAXEX.DE,
2022-02-28,GOOGL,135.0570068359375
2022-02-28,TSLA,290.1433410644531
2022-02-28,V80A.DE,28.84000015258789
2022-03-01,AAPL,163.1999969482422
2022-03-01,AMZN,151.14199829101562
2022-03-01,CDR.PL,168.3000030517578
2022-03-01,CSPX.UK,442.0
2022-03-01,DAXEX.DE,
2022-03-01,GOOGL,134.06149291992188
2022-03-01,TSLA,288.1233215332031
2022-03-01,V80A.DE,28.809999465942383
2022-03-02,AAPL,166.55999755859375
2022-03-02,AMZN,152.05250549316406
2022-03-02,CDR.PL,172.52000427246094
2022-03-02,CSPX.UK,448.3999938964844
2022-03-02,DAXEX.DE,
2022-03-02,GOOGL,134.57150268554688
2022-03-02,TSLA,293.2966613769531
2022-03-02,V80A.DE,28.934999465942383
2022-03-03,AAPL,166.22999572753906
2022-03-03,AMZN,147.89849853515625
2022-03-03,CDR.PL,163.0
2022-03-03,CSPX.UK,446.4599914550781
2022-03-03,DAXEX.DE,
2022-03-03,GOOGL,133.89950561523438
2022-03-03,TSLA,279.7633361816406
2022-03-03,V80A.DE,28.8700008392334
2022-03-04,AAPL,163.1699981689453
2022-03-04,AMZN,145.64100646972656
2022-03-04,CDR.PL,161.27999877929688
2022-03-04,CSPX.UK,439.2099914550781
2022-03-04,DAXEX.DE,
2022-03-04,GOOGL,131.906494140625
2022-03-04,TSLA,279.42999267578125
2022-03-04,V80A.DE,28.670000076293945
2022-03-07,AAPL,159.3000030517578
2022-03-07,AMZN,137.4530029296875
2022-03-07,CDR.PL,162.8800048828125
2022-03-07,CSPX.UK,435.6600036621094
2022-03-07,DAXEX.DE,
2022-03-07,GOOGL,126.37850189208984
2022-03-07,TSLA,268.1933288574219
2022-03-07,V80A.DE,28.53499984741211
2022-03-08,AAPL,157.44000244140625
2022-03-08,AMZN,136.01449584960938
2022-03-08,CDR.PL,157.9600067138672
2022-03-08,CSPX.UK,426.42999267578125
2022-03-08,DAXEX.DE,
2022-03-08,GOOGL,127.10449981689453
2022-03-08,TSLA,274.79998779296875
2022-03-08,V80A.DE,28.079999923706055
2022-03-09,AAPL,162.9499969482422
2022-03-09,AMZN,139.2790069580078
2022-03-09,CDR.PL,162.05999755859375
2022-03-09,CSPX.UK,436.9700012207031
2022-03-09,DAXEX.DE,
2022-03-09,GOOGL,133.4199981689453
2022-03-09,TSLA,286.3233337402344
2022-03-09,V80A.DE,28.329999923706055
2022-03-10,AAPL,158.52000427246094
2022-03-10,AMZN,146.8175048828125
2022-03-10,CDR.PL,158.0
2022-03-10,CSPX.UK,431.1499938964844
2022-03-10,DAXEX.DE,
2022-03-10,GOOGL,132.42950439453125
2022-03-10,TSLA,279.4333190917969
2022-03-10,V80A.DE,28.139999389648438
2022-03-11,AAPL,154.72999572753906
2022-03-11,AMZN,145.52450561523438
2022-03-11,CDR.PL,163.52000427246094
2022-03-11,CSPX.UK,434.6499938964844
2022-03-11,DAXEX.DE,
2022-03-11,GOOGL,129.87049865722656
2022-03-11,TSLA,265.1166687011719
2022-03-11,V80A.DE,28.375
2022-03-14,AAPL,150.6199951171875
2022-03-14,AMZN,141.85299682617188
2022-03-14,CDR.PL,162.6999969482422
2022-03-14,CSPX.UK,429.92999267578125
2022-03-14,DAXEX.DE,
2022-03-14,GOOGL,125.95099639892578
2022-03-14,TSLA,255.4566650390625
2022-03-14,V80A.DE,28.040000915527344
2022-03-15,AAPL,155.08999633789062
2022-03-15,AMZN,147.3665008544922
2022-03-15,CDR.PL,166.9199981689453
2022-03-15,CSPX.UK,434.44000244140625
2022-03-15,DAXEX.DE,
2022-03-15,GOOGL,129.197998046875
2022-03-15,TSLA,267.2966613769531
2022-03-15,V80A.DE,28.21500015258789
2022-03-16,AAPL,159.58999633789062
2022-03-16,AMZN,153.10400390625
2022-03-16,CDR.PL,170.3000030517578
2022-03-16,CSPX.UK,443.55999755859375
2022-03-16,DAXEX.DE,
2022-03-16,GOOGL,133.28050231933594
2022-03-16,TSLA,280.07666015625
2022-03-16,V80A.DE,28.7450008392334
2022-03-17,AAPL,160.6199951171875
2022-03-17,AMZN,157.23899841308594
2022-03-17,CDR.PL,173.0
2022-03-17,CSPX.UK,448.2300109863281
2022-03-17,DAXEX.DE,
2022-03-17,GOOGL,133.83900451660156
2022-03-17,TSLA,290.5333251953125
2022-03-17,V80A.DE,28.7549991607666
2022-03-18,AAPL,163.97999572753906
2022-03-18,AMZN,161.25050354003906
2022-03-18,CDR.PL,170.1199951171875
2022-03-18,CSPX.UK,453.6400146484375
2022-03-18,DAXEX.DE,
2022-03-18,GOOGL,136.12550354003906
2022-03-18,TSLA,301.7966613769531
2022-03-18,V80A.DE,29.155000686645508
2022-03-21,AAPL,165.3800048828125
2022-03-21,AMZN,161.4915008544922
2022-03-21,CDR.PL,171.32000732421875
2022-03-21,CSPX.UK,456.29998779296875
2022-03-21,DAXEX.DE,
2022-03-21,GOOGL,136.10150146484375
2022-03-21,TSLA,307.0533447265625
2022-03-21,V80A.DE,29.235000610351562
2022-03-22,AAPL,168.82000732421875
2022-03-22,AMZN,164.88900756835938
2022-03-22,CDR.PL,174.17999267578125
2022-03-22,CSPX.UK,460.7200012207031
2022-03-22,DAXEX.DE,
2022-03-22,GOOGL,139.8679962158203
2022-03-22,TSLA,331.32666015625
2022-03-22,V80A.DE,29.469999313354492
2022-03-23,AAPL,170.2100067138672
2022-03-23,AMZN,163.4080047607422
2022-03-23,CDR.PL,177.9600067138672
2022-03-23,CSPX.UK,459.3900146484375
2022-03-23,DAXEX.DE,
2022-03-23,GOOGL,138.27549743652344
2022-03-23,TSLA,333.03668212890625
2022-03-23,V80A.DE,29.434999465942383
2022-03-24,AAPL,174.07000732421875
2022-03-24,AMZN,163.64950561523438
2022-03-24,CDR.PL,175.97999572753906
2022-03-24,CSPX.UK,459.2300109863281
2022-03-24,DAXEX.DE,
2022-03-24,GOOGL,141.57200622558594
2022-03-24,TSLA,337.97332763671875
2022-03-24,V80A.DE,29.424999237060547
2022-03-25,AAPL,174.72000122070312
2022-03-25,AMZN,164.77349853515625
2022-03-25,CDR.PL,175.44000244140625
2022-03-25,CSPX.UK,462.4800109863281
2022-03-25,DAXEX.DE,
2022-03-25,GOOGL,141.67300415039062
2022-03-25,TSLA,336.8800048828125
2022-03-25,V80A.DE,29.469999313354492
2022-03-28,AAPL,175.60000610351562
2022-03-28,AMZN,168.99049377441406
2022-03-28,CDR.PL,176.39999389648438
2022-03-28,CSPX.UK,463.9800109863281
2022-03-28,DAXEX.DE,
2022-03-28,GOOGL,141.45550537109375
2022-03-28,TSLA,363.9466552734375
2022-03-28,V80A.DE,29.55500030517578
2022-03-29,AAPL,178.9600067138672
2022-03-29,AMZN,169.31500244140625
2022-03-29,CDR.PL,178.3000030517578
2022-03-29,CSPX.UK,472.2099914550781
2022-03-29,DAXEX.DE,
2022-03-29,GOOGL,142.5054931640625
2022-03-29,TSLA,366.5233459472656
2022-03-29,V80A.DE,29.719999313354492
2022-03-30,AAPL,177.77000427246094
2022-03-30,AMZN,166.30099487304688
2022-03-30,CDR.PL,181.6199951171875
2022-03-30,CSPX.UK,472.0799865722656
2022-03-30,DAXEX.DE,
2022-03-30,GOOGL,141.93850708007812
2022-03-30,TSLA,364.663330078125
2022-03-30,V80A.DE,29.645000457763672
2022-03-31,AAPL,174.61000061035156
2022-03-31,AMZN,162.99749755859375
2022-03-31,CDR.PL,173.74000549316406
2022-03-31,CSPX.UK,470.1700134277344
2022-03-31,DAXEX.DE,
2022-03-31,GOOGL,139.0675048828125
2022-03-31,TSLA,359.20001220703125
2022-03-31,V80A.DE,29.635000228881836
2022-04-01,AAPL,174.30999755859375
2022-04-01,AMZN,163.55999755859375
2022-04-01,CDR.PL,175.75999450683594
2022-04-01,CSPX.UK,463.67999267578125
2022-04-01,DAXEX.DE,
2022-04-01,GOOGL,140.15049743652344
2022-04-01,TSLA,361.5299987792969
2022-04-01,V80A.DE,29.565000534057617
2022-04-04,AAPL,178.44000244140625
2022-04-04,AMZN,168.34649658203125
2022-04-04,CDR.PL,174.1199951171875
2022-04-04,CSPX.UK,467.54998779296875
2022-04-04,DAXEX.DE,
2022-04-04,GOOGL,142.97149658203125
2022-04-04,TSLA,381.8166809082031
2022-04-04,V80A.DE,29.8700008392334
2022-04-05,AAPL,175.05999755859375
2022-04-05,AMZN,164.05499267578125
2022-04-05,CDR.PL,176.3000030517578
2022-04-05,CSPX.UK,467.4200134277344
2022-04-05,DAXEX.DE,
2022-04-05,GOOGL,140.59100341796875
2022-04-05,TSLA,363.7533264160156
2022-04-05,V80A.DE,29.875
2022-04-06,AAPL,171.8300018310547
2022-04-06,AMZN,158.75599670410156
2022-04-06,CDR.PL,175.10000610351562
2022-04-06,CSPX.UK,457.2900085449219
2022-04-06,DAXEX.DE,
2022-04-06,GOOGL,136.54800415039062
2022-04-06,TSLA,348.586669921875
2022-04-06,V80A.DE,29.405000686645508
2022-04-07,AAPL,172.13999938964844
2022-04-07,AMZN,157.7845001220703
2022-04-07,CDR.PL,174.0
2022-04-07,CSPX.UK,456.6400146484375
2022-04-07,DAXEX.DE,
2022-04-07,GOOGL,135.8885040283203
2022-04-07,TSLA,352.4200134277344
2022-04-07,V80A.DE,29.354999542236328
2022-04-08,AAPL,170.08999633789062
2022-04-08,AMZN,154.4604949951172
2022-04-08,CDR.PL,170.8800048828125
2022-04-08,CSPX.UK,461.92999267578125
2022-04-08,DAXEX.DE,
2022-04-08,GOOGL,133.28750610351562
2022-04-08,TSLA,341.8299865722656
2022-04-08,V80A.DE,29.59000015258789
2022-04-11,AAPL,165.75
2022-04-11,AMZN,151.1219940185547
2022-04-11,CDR.PL,175.77999877929688
2022-04-11,CSPX.UK,454.6600036621094
2022-04-11,DAXEX.DE,
2022-04-11,GOOGL,128.82350158691406
2022-04-11,TSLA,325.30999755859375
2022-04-11,V80A.DE,29.2450008392334
2022-04-12,AAPL,167.66000366210938
2022-04-12,AMZN,150.78750610351562
2022-04-12,CDR.PL,168.8000030517578
2022-04-12,CSPX.UK,456.7099914550781
2022-04-12,DAXEX.DE,
2022-04-12,GOOGL,127.7145004272461
2022-04-12,TSLA,328.98333740234375
2022-04-12,V80A.DE,29.344999313354492
2022-04-13,AAPL,170.39999389648438
2022-04-13,AMZN,155.54100036621094
2022-04-13,CDR.PL,169.8800048828125
2022-04-13,CSPX.UK,453.7300109863281
2022-04-13,DAXEX.DE,
2022-04-13,GOOGL,129.8939971923828
2022-04-13,TSLA,340.7900085449219
2022-04-13,V80A.DE,29.264999389648438
2022-04-14,AAPL,165.2899932861328
2022-04-14,AMZN,151.7064971923828
2022-04-14,CDR.PL,167.0
2022-04-14,CSPX.UK,453.8800048828125
2022-04-14,DAXEX.DE,
2022-04-14,GOOGL,126.7300033569336
2022-04-14,TSLA,328.3333435058594
2022-04-14,V80A.DE,29.375
2022-04-18,AAPL,165.07000732421875
2022-04-18,AMZN,152.78500366210938
2022-04-18,CDR.PL,
2022-04-18,CSPX.UK,
2022-04-18,DAXEX.DE,
2022-04-18,GOOGL,127.67649841308594
2022-04-18,TSLA,334.7633361816406
2022-04-18,V80A.DE,
2022-04-19,AAPL,167.39999389648438
2022-04-19,AMZN,158.11549377441406
2022-04-19,CDR.PL,149.89999389648438
2022-04-19,CSPX.UK,455.67999267578125
2022-04-19,DAXEX.DE,
2022-04-19,GOOGL,130.00900268554688
2022-04-19,TSLA,342.7166748046875
2022-04-19,V80A.DE,29.344999313354492
2022-04-20,AAPL,167.22999572753906
2022-04-20,AMZN,153.9980010986328
2022-04-20,CDR.PL,137.44000244140625
2022-04-20,CSPX.UK,457.92999267578125
2022-04-20,DAXEX.DE,
2022-04-20,GOOGL,128.0399932861328
2022-04-20,TSLA,325.73333740234375
2022-04-20,V80A.DE,29.354999542236328
2022-04-21,AAPL,166.4199981689453
2022-04-21,AMZN,148.29600524902344
2022-04-21,CDR.PL,128.63999938964844
2022-04-21,CSPX.UK,458.5299987792969
2022-04-21,DAXEX.DE,
2022-04-21,GOOGL,124.81449890136719
2022-04-21,TSLA,336.260009765625
2022-04-21,V80A.DE,29.329999923706055
2022-04-22,AAPL,161.7899932861328
2022-04-22,AMZN,144.35000610351562
2022-04-22,CDR.PL,127.5999984741211
2022-04-22,CSPX.UK,444.0
2022-04-22,DAXEX.DE,
2022-04-22,GOOGL,119.635498046875
2022-04-22,TSLA,335.01666259765625
2022-04-22,V80A.DE,28.850000381469727
2022-04-25,AAPL,162.8800048828125
2022-04-25,AMZN,146.07400512695312
2022-04-25,CDR.PL,130.72000122070312
2022-04-25,CSPX.UK,432.5400085449219
2022-04-25,DAXEX.DE,
2022-04-25,GOOGL,123.0739974975586
2022-04-25,TSLA,332.67333984375
2022-04-25,V80A.DE,28.454999923706055
2022-04-26,AAPL,156.8000030517578
2022-04-26,AMZN,139.39100646972656
2022-04-26,CDR.PL,127.95999908447266
2022-04-26,CSPX.UK,432.29998779296875
2022-04-26,DAXEX.DE,
2022-04-26,GOOGL,118.6500015258789
2022-04-26,TSLA,292.1400146484375
2022-04-26,V80A.DE,28.479999542236328
2022-04-27,AAPL,156.57000732421875
2022-04-27,AMZN,138.16700744628906
2022-04-27,CDR.PL,129.1199951171875
2022-04-27,CSPX.UK,432.0799865722656
2022-04-27,DAXEX.DE,
2022-04-27,GOOGL,114.29450225830078
2022-04-27,TSLA,293.836669921875
2022-04-27,V80A.DE,28.655000686645508
2022-04-28,AAPL,163.63999938964844
2022-04-28,AMZN,144.59649658203125
2022-04-28,CDR.PL,123.4800033569336
2022-04-28,CSPX.UK,432.7900085449219
2022-04-28,DAXEX.DE,
2022-04-28,GOOGL,118.52249908447266
2022-04-28,TSLA,292.5033264160156
2022-04-28,V80A.DE,28.774999618530273
2022-04-29,AAPL,157.64999389648438
2022-04-29,AMZN,124.28150177001953
2022-04-29,CDR.PL,120.9800033569336
2022-04-29,CSPX.UK,433.010009765625
2022-04-29,DAXEX.DE,
2022-04-29,GOOGL,114.1094970703125
2022-04-29,TSLA,290.2533264160156
2022-04-29,V80A.DE,28.8799991607666
2022-05-02,AAPL,157.9600067138672
2022-05-02,AMZN,124.5
2022-05-02,CDR.PL,119.41999816894531
2022-05-02,CSPX.UK,
2022-05-02,DAXEX.DE,
2022-05-02,GOOGL,116.58300018310547
2022-05-02,TSLA,300.9800109863281
2022-05-02,V80A.DE,28.360000610351562
2022-05-03,AAPL,159.47999572753906
2022-05-03,AMZN,124.25350189208984
2022-05-03,CDR.PL,
2022-05-03,CSPX.UK,429.6000061035156
2022-05-03,DAXEX.DE,
2022-05-03,GOOGL,117.33399963378906
2022-05-03,TSLA,303.0833435058594
2022-05-03,V80A.DE,28.665000915527344
2022-05-04,AAPL,166.02000427246094
2022-05-04,AMZN,125.92849731445312
2022-05-04,CDR.PL,123.05999755859375
2022-05-04,CSPX.UK,425.45001220703125
2022-05-04,DAXEX.DE,
2022-05-04,GOOGL,122.26100158691406
2022-05-04,TSLA,317.5400085449219
2022-05-04,V80A.DE,28.389999389648438
2022-05-05,AAPL,156.77000427246094
2022-05-05,AMZN,116.40699768066406
2022-05-05,CDR.PL,119.4800033569336
2022-05-05,CSPX.UK,426.4200134277344
2022-05-05,DAXEX.DE,
2022-05-05,GOOGL,116.50550079345703
2022-05-05,TSLA,291.09332275390625
2022-05-05,V80A.DE,28.3799991607666
2022-05-06,AAPL,157.27999877929688
2022-05-06,AMZN,114.77249908447266
2022-05-06,CDR.PL,117.73999786376953
2022-05-06,CSPX.UK,423.0899963378906
2022-05-06,DAXEX.DE,
2022-05-06,GOOGL,115.74649810791016
2022-05-06,TSLA,288.54998779296875
2022-05-06,V80A.DE,28.075000762939453
2022-05-09,AAPL,152.05999755859375
2022-05-09,AMZN,108.78900146484375
2022-05-09,CDR.PL,115.05999755859375
2022-05-09,CSPX.UK,411.6300048828125
2022-05-09,DAXEX.DE,
2022-05-09,GOOGL,112.51100158691406
2022-05-09,TSLA,262.3699951171875
2022-05-09,V80A.DE,27.475000381469727
2022-05-10,AAPL,154.50999450683594
2022-05-10,AMZN,108.85900115966797
2022-05-10,CDR.PL,116.5
2022-05-10,CSPX.UK,407.70001220703125
2022-05-10,DAXEX.DE,
2022-05-10,GOOGL,114.3949966430664
2022-05-10,TSLA,266.67999267578125
2022-05-10,V80A.DE,27.309999465942383
2022-05-11,AAPL,146.5
2022-05-11,AMZN,105.37200164794922
2022-05-11,CDR.PL,121.08000183105469
2022-05-11,CSPX.UK,413.1300048828125
2022-05-11,DAXEX.DE,
2022-05-11,GOOGL,113.60250091552734
2022-05-11,TSLA,244.6666717529297
2022-05-11,V80A.DE,27.655000686645508
2022-05-12,AAPL,142.55999755859375
2022-05-12,AMZN,106.93049621582031
2022-05-12,CDR.PL,116.62000274658203
2022-05-12,CSPX.UK,402.6300048828125
2022-05-12,DAXEX.DE,
2022-05-12,GOOGL,112.84400177001953
2022-05-12,TSLA,242.6666717529297
2022-05-12,V80A.DE,27.530000686645508
2022-05-13,AAPL,147.11000061035156
2022-05-13,AMZN,113.05500030517578
2022-05-13,CDR.PL,120.68000030517578
2022-05-13,CSPX.UK,412.3699951171875
2022-05-13,DAXEX.DE,
2022-05-13,GOOGL,116.05049896240234
2022-05-13,TSLA,256.5299987792969
2022-05-13,V80A.DE,28.0049991607666
2022-05-16,AAPL,145.5399932861328
2022-05-16,AMZN,110.81050109863281
2022-05-16,CDR.PL,116.87999725341797
2022-05-16,CSPX.UK,410.0400085449219
2022-05-16,DAXEX.DE,
2022-05-16,GOOGL,114.44499969482422
2022-05-16,TSLA,241.4566650390625
2022-05-16,V80A.DE,27.924999237060547
2022-05-17,AAPL,149.24000549316406
2022-05-17,AMZN,115.36849975585938
2022-05-17,CDR.PL,124.13999938964844
2022-05-17,CSPX.UK,416.7200012207031
2022-05-17,DAXEX.DE,
2022-05-17,GOOGL,116.4729995727539
2022-05-17,TSLA,253.8699951171875
2022-05-17,V80A.DE,28.020000457763672
2022-05-18,AAPL,140.82000732421875
2022-05-18,AMZN,107.11250305175781
2022-05-18,CDR.PL,119.0999984741211
2022-05-18,CSPX.UK,408.1700134277344
2022-05-18,DAXEX.DE,
2022-05-18,GOOGL,111.89949798583984
2022-05-18,TSLA,236.60333251953125
2022-05-18,V80A.DE,27.735000610351562
2022-05-19,AAPL,137.35000610351562
2022-05-19,AMZN,107.31900024414062
2022-05-19,CDR.PL,116.87999725341797
2022-05-19,CSPX.UK,401.70001220703125
2022-05-19,DAXEX.DE,
2022-05-19,GOOGL,110.38400268554688
2022-05-19,TSLA,236.47332763671875
2022-05-19,V80A.DE,27.364999771118164
2022-05-20,AAPL,137.58999633789062
2022-05-20,AMZN,107.59100341796875
2022-05-20,CDR.PL,118.36000061035156
2022-05-20,CSPX.UK,397.4200134277344
2022-05-20,DAXEX.DE,
2022-05-20,GOOGL,108.90799713134766
2022-05-20,TSLA,221.3000030517578
2022-05-20,V80A.DE,27.30500030517578
2022-05-23,AAPL,143.11000061035156
2022-05-23,AMZN,107.55699920654297
2022-05-23,CDR.PL,116.62000274658203
2022-05-23,CSPX.UK,407.5199890136719
2022-05-23,DAXEX.DE,
2022-05-23,GOOGL,111.48799896240234
2022-05-23,TSLA,224.96665954589844
2022-05-23,V80A.DE,27.4950008392334
2022-05-24,AAPL,140.36000061035156
2022-05-24,AMZN,104.0999984741211
2022-05-24,CDR.PL,111.0
2022-05-24,CSPX.UK,398.6499938964844
2022-05-24,DAXEX.DE,
2022-05-24,GOOGL,105.97000122070312
2022-05-24,TSLA,209.3866729736328
2022-05-24,V80A.DE,27.0049991607666
2022-05-25,AAPL,140.52000427246094
2022-05-25,AMZN,106.7750015258789
2022-05-25,CDR.PL,108.0
2022-05-25,CSPX.UK,405.6099853515625
2022-05-25,DAXEX.DE,
2022-05-25,GOOGL,105.80500030517578
2022-05-25,TSLA,219.60000610351562
2022-05-25,V80A.DE,27.40999984741211
2022-05-26,AAPL,143.77999877929688
2022-05-26,AMZN,111.07749938964844
2022-05-26,CDR.PL,110.62000274658203
2022-05-26,CSPX.UK,414.8599853515625
2022-05-26,DAXEX.DE,
2022-05-26,GOOGL,107.7925033569336
2022-05-26,TSLA,235.91000366210938
2022-05-26,V80A.DE,27.709999084472656
2022-05-27,AAPL,149.63999938964844
2022-05-27,AMZN,115.14649963378906
2022-05-27,CDR.PL,112.27999877929688
2022-05-27,CSPX.UK,423.1600036621094
2022-05-27,DAXEX.DE,
2022-05-27,GOOGL,112.31649780273438
2022-05-27,TSLA,253.2100067138672
2022-05-27,V80A.DE,28.125
2022-05-30,AAPL,
2022-05-30,AMZN,
2022-05-30,CDR.PL,113.0999984741211
2022-05-30,CSPX.UK,429.2900085449219
2022-05-30,DAXEX.DE,
2022-05-30,GOOGL,
2022-05-30,TSLA,
2022-05-30,V80A.DE,28.2549991607666
2022-05-31,AAPL,148.83999633789062
2022-05-31,AMZN,120.20950317382812
2022-05-31,CDR.PL,108.66000366210938
2022-05-31,CSPX.UK,422.8299865722656
2022-05-31,DAXEX.DE,
2022-05-31,GOOGL,113.76200103759766
2022-05-31,TSLA,252.75332641601562
2022-05-31,V80A.DE,28.100000381469727
2022-06-01,AAPL,148.7100067138672
2022-06-01,AMZN,121.68399810791016
2022-06-01,CDR.PL,108.36000061035156
2022-06-01,CSPX.UK,419.6600036621094
2022-06-01,DAXEX.DE,
2022-06-01,GOOGL,113.89199829101562
2022-06-01,TSLA,246.7899932861328
2022-06-01,V80A.DE,28.030000686645508
2022-06-02,AAPL,151.2100067138672
2022-06-02,AMZN,125.51100158691406
2022-06-02,CDR.PL,107.94000244140625
2022-06-02,CSPX.UK,
2022-06-02,DAXEX.DE,
2022-06-02,GOOGL,117.62249755859375
2022-06-02,TSLA,258.3333435058594
2022-06-02,V80A.DE,28.040000915527344
2022-06-03,AAPL,145.3800048828125
2022-06-03,AMZN,122.3499984741211
2022-06-03,CDR.PL,104.19999694824219
2022-06-03,CSPX.UK,
2022-06-03,DAXEX.DE,
2022-06-03,GOOGL,114.54100036621094
2022-06-03,TSLA,234.51666259765625
2022-06-03,V80A.DE,27.979999542236328
2022-06-06,AAPL,146.13999938964844
2022-06-06,AMZN,124.79000091552734
2022-06-06,CDR.PL,106.9000015258789
2022-06-06,CSPX.UK,424.29998779296875
2022-06-06,DAXEX.DE,
2022-06-06,GOOGL,116.82050323486328
2022-06-06,TSLA,238.27999877929688
2022-06-06,V80A.DE,28.184999465942383
2022-06-07,AAPL,148.7100067138672
2022-06-07,AMZN,123.0
2022-06-07,CDR.PL,105.18000030517578
2022-06-07,CSPX.UK,422.79998779296875
2022-06-07,DAXEX.DE,
2022-06-07,GOOGL,117.14949798583984
2022-06-07,TSLA,238.8866729736328
2022-06-07,V80A.DE,28.110000610351562
2022-06-08,AAPL,147.9600067138672
2022-06-08,AMZN,121.18000030517578
2022-06-08,CDR.PL,103.37999725341797
2022-06-08,CSPX.UK,426.5199890136719
2022-06-08,DAXEX.DE,
2022-06-08,GOOGL,117.19400024414062
2022-06-08,TSLA,241.86666870117188
2022-06-08,V80A.DE,28.114999771118164
2022-06-09,AAPL,142.63999938964844
2022-06-09,AMZN,116.1500015258789
2022-06-09,CDR.PL,93.94999694824219
2022-06-09,CSPX.UK,420.010009765625
2022-06-09,DAXEX.DE,
2022-06-09,GOOGL,114.83550262451172
2022-06-09,TSLA,239.7066650390625
2022-06-09,V80A.DE,27.934999465942383
2022-06-10,AAPL,137.1300048828125
2022-06-10,AMZN,109.6500015258789
2022-06-10,CDR.PL,93.62999725341797
2022-06-10,CSPX.UK,400.94000244140625
2022-06-10,DAXEX.DE,
2022-06-10,GOOGL,111.1614990234375
2022-06-10,TSLA,232.22999572753906
2022-06-10,V80A.DE,27.34000015258789
2022-06-13,AAPL,131.8800048828125
2022-06-13,AMZN,103.66999816894531
2022-06-13,CDR.PL,88.43000030517578
2022-06-13,CSPX.UK,387.8599853515625
2022-06-13,DAXEX.DE,
2022-06-13,GOOGL,106.39250183105469
2022-06-13,TSLA,215.73666381835938
2022-06-13,V80A.DE,26.729999542236328
2022-06-14,AAPL,132.75999450683594
2022-06-14,AMZN,102.30999755859375
2022-06-14,CDR.PL,91.4000015258789
2022-06-14,CSPX.UK,384.7799987792969
2022-06-14,DAXEX.DE,
2022-06-14,GOOGL,106.71549987792969
2022-06-14,TSLA,220.88999938964844
2022-06-14,V80A.DE,26.559999465942383
2022-06-15,AAPL,135.42999267578125
2022-06-15,AMZN,107.66999816894531
2022-06-15,CDR.PL,91.80999755859375
2022-06-15,CSPX.UK,386.8999938964844
2022-06-15,DAXEX.DE,
2022-06-15,GOOGL,109.7645034790039
2022-06-15,TSLA,233.0
2022-06-15,V80A.DE,26.739999771118164
2022-06-16,AAPL,130.05999755859375
2022-06-16,AMZN,103.66000366210938
2022-06-16,CDR.PL,
2022-06-16,CSPX.UK,377.1499938964844
2022-06-16,DAXEX.DE,
2022-06-16,GOOGL,106.03350067138672
2022-06-16,TSLA,213.10000610351562
2022-06-16,V80A.DE,26.084999084472656
2022-06-17,AAPL,131.55999755859375
2022-06-17,AMZN,106.22000122070312
2022-06-17,CDR.PL,90.52999877929688
2022-06-17,CSPX.UK,377.45001220703125
2022-06-17,DAXEX.DE,
2022-06-17,GOOGL,107.14350128173828
2022-06-17,TSLA,216.75999450683594
2022-06-17,V80A.DE,26.149999618530273
2022-06-20,AAPL,
2022-06-20,AMZN,
2022-06-20,CDR.PL,92.5
2022-06-20,CSPX.UK,381.0899963378906
2022-06-20,DAXEX.DE,
2022-06-20,GOOGL,
2022-06-20,TSLA,
2022-06-20,V80A.DE,26.209999084472656
2022-06-21,AAPL,135.8699951171875
2022-06-21,AMZN,108.68000030517578
2022-06-21,CDR.PL,91.37000274658203
2022-06-21,CSPX.UK,386.9599914550781
2022-06-21,DAXEX.DE,
2022-06-21,GOOGL,111.54399871826172
2022-06-21,TSLA,237.0366668701172
2022-06-21,V80A.DE,26.43000030517578
2022-06-22,AAPL,135.35000610351562
2022-06-22,AMZN,108.94999694824219
2022-06-22,CDR.PL,90.94999694824219
2022-06-22,CSPX.UK,388.92999267578125
2022-06-22,DAXEX.DE,
2022-06-22,GOOGL,111.48750305175781
2022-06-22,TSLA,236.086669921875
2022-06-22,V80A.DE,26.354999542236328
2022-06-23,AAPL,138.27000427246094
2022-06-23,AMZN,112.44000244140625
2022-06-23,CDR.PL,90.66999816894531
2022-06-23,CSPX.UK,387.8999938964844
2022-06-23,DAXEX.DE,
2022-06-23,GOOGL,112.24199676513672
2022-06-23,TSLA,235.07000732421875
2022-06-23,V80A.DE,26.489999771118164
2022-06-24,AAPL,141.66000366210938
2022-06-24,AMZN,116.45999908447266
2022-06-24,CDR.PL,94.41000366210938
2022-06-24,CSPX.UK,398.6700134277344
2022-06-24,DAXEX.DE,
2022-06-24,GOOGL,117.9749984741211
2022-06-24,TSLA,245.7066650390625
2022-06-24,V80A.DE,26.93000030517578
2022-06-27,AAPL,141.66000366210938
2022-06-27,AMZN,113.22000122070312
2022-06-27,CDR.PL,94.9800033569336
2022-06-27,CSPX.UK,402.3800048828125
2022-06-27,DAXEX.DE,
2022-06-27,GOOGL,115.83350372314453
2022-06-27,TSLA,244.9199981689453
2022-06-27,V80A.DE,27.024999618530273
2022-06-28,AAPL,137.44000244140625
2022-06-28,AMZN,107.4000015258789
2022-06-28,CDR.PL,97.4000015258789
2022-06-28,CSPX.UK,398.1000061035156
2022-06-28,DAXEX.DE,
2022-06-28,GOOGL,112.00749969482422
2022-06-28,TSLA,232.663330078125
2022-06-28,V80A.DE,27.014999389648438
2022-06-29,AAPL,139.22999572753906
2022-06-29,AMZN,108.91999816894531
2022-06-29,CDR.PL,98.3499984741211
2022-06-29,CSPX.UK,392.19000244140625
2022-06-29,DAXEX.DE,
2022-06-29,GOOGL,111.70149993896484
2022-06-29,TSLA,228.49000549316406
2022-06-29,V80A.DE,26.850000381469727
2022-06-30,AAPL,136.72000122070312
2022-06-30,AMZN,106.20999908447266
2022-06-30,CDR.PL,95.68000030517578
2022-06-30,CSPX.UK,388.4800109863281
2022-06-30,DAXEX.DE,
2022-06-30,GOOGL,108.96299743652344
2022-06-30,TSLA,224.47332763671875
2022-06-30,V80A.DE,26.635000228881836
2022-07-01,AAPL,138.92999267578125
2022-07-01,AMZN,109.55999755859375
2022-07-01,CDR.PL,97.95999908447266
2022-07-01,CSPX.UK,388.82000732421875
2022-07-01,DAXEX.DE,
2022-07-01,GOOGL,108.73750305175781
2022-07-01,TSLA,227.26333618164062
2022-07-01,V80A.DE,26.795000076293945
2022-07-04,AAPL,
2022-07-04,AMZN,
2022-07-04,CDR.PL,95.30000305175781
2022-07-04,CSPX.UK,391.510009765625
2022-07-04,DAXEX.DE,
2022-07-04,GOOGL,
2022-07-04,TSLA,
2022-07-04,V80A.DE,26.889999389648438
2022-07-05,AAPL,141.55999755859375
2022-07-05,AMZN,113.5
2022-07-05,CDR.PL,91.83000183105469
2022-07-05,CSPX.UK,385.55999755859375
2022-07-05,DAXEX.DE,
2022-07-05,GOOGL,113.26300048828125
2022-07-05,TSLA,233.06666564941406
2022-07-05,V80A.DE,26.850000381469727
2022-07-06,AAPL,142.9199981689453
2022-07-06,AMZN,114.33000183105469
2022-07-06,CDR.PL,97.44999694824219
2022-07-06,CSPX.UK,392.0299987792969
2022-07-06,DAXEX.DE,
2022-07-06,GOOGL,114.5719985961914
2022-07-06,TSLA,231.73333740234375
2022-07-06,V80A.DE,27.30500030517578
2022-07-07,AAPL,146.35000610351562
2022-07-07,AMZN,116.33000183105469
2022-07-07,CDR.PL,103.77999877929688
2022-07-07,CSPX.UK,399.3500061035156
2022-07-07,DAXEX.DE,
2022-07-07,GOOGL,118.78299713134766
2022-07-07,TSLA,244.5433349609375
2022-07-07,V80A.DE,27.69499969482422
2022-07-08,AAPL,147.0399932861328
2022-07-08,AMZN,115.54000091552734
2022-07-08,CDR.PL,103.80000305175781
2022-07-08,CSPX.UK,402.5
2022-07-08,DAXEX.DE,
2022-07-08,GOOGL,119.35350036621094
2022-07-08,TSLA,250.76333618164062
2022-07-08,V80A.DE,27.80500030517578
2022-07-11,AAPL,144.8699951171875
2022-07-11,AMZN,111.75
2022-07-11,CDR.PL,104.5
2022-07-11,CSPX.UK,396.739990234375
2022-07-11,DAXEX.DE,
2022-07-11,GOOGL,115.67649841308594
2022-07-11,TSLA,234.3433380126953
2022-07-11,V80A.DE,27.65999984741211
2022-07-12,AAPL,145.86000061035156
2022-07-12,AMZN,109.22000122070312
2022-07-12,CDR.PL,102.0199966430664
2022-07-12,CSPX.UK,396.8299865722656
2022-07-12,DAXEX.DE,
2022-07-12,GOOGL,114.02050018310547
2022-07-12,TSLA,233.07000732421875
2022-07-12,V80A.DE,27.709999084472656
2022-07-13,AAPL,145.49000549316406
2022-07-13,AMZN,110.4000015258789
2022-07-13,CDR.PL,97.6500015258789
2022-07-13,CSPX.UK,390.45001220703125
2022-07-13,DAXEX.DE,
2022-07-13,GOOGL,111.35350036621094
2022-07-13,TSLA,237.0399932861328
2022-07-13,V80A.DE,27.395000457763672
2022-07-14,AAPL,148.47000122070312
2022-07-14,AMZN,110.62999725341797
2022-07-14,CDR.PL,94.81999969482422
2022-07-14,CSPX.UK,385.260009765625
2022-07-14,DAXEX.DE,
2022-07-14,GOOGL,110.36750030517578
2022-07-14,TSLA,238.31333923339844
2022-07-14,V80A.DE,27.190000534057617
2022-07-15,AAPL,150.1699981689453
2022-07-15,AMZN,113.55000305175781
2022-07-15,CDR.PL,93.31999969482422
2022-07-15,CSPX.UK,396.239990234375
2022-07-15,DAXEX.DE,
2022-07-15,GOOGL,111.77749633789062
2022-07-15,TSLA,240.06666564941406
2022-07-15,V80A.DE,27.56999969482422
2022-07-18,AAPL,147.07000732421875
2022-07-18,AMZN,113.76000213623047
2022-07-18,CDR.PL,93.80999755859375
2022-07-18,CSPX.UK,399.7799987792969
2022-07-18,DAXEX.DE,
2022-07-18,GOOGL,109.02999877929688
2022-07-18,TSLA,240.54666137695312
2022-07-18,V80A.DE,27.655000686645508
2022-07-19,AAPL,151.0
2022-07-19,AMZN,118.20999908447266
2022-07-19,CDR.PL,93.98999786376953
2022-07-19,CSPX.UK,401.95001220703125
2022-07-19,DAXEX.DE,
2022-07-19,GOOGL,113.80999755859375
2022-07-19,TSLA,245.52999877929688
2022-07-19,V80A.DE,27.65999984741211
2022-07-20,AAPL,153.0399932861328
2022-07-20,AMZN,122.7699966430664
2022-07-20,CDR.PL,94.4000015258789
2022-07-20,CSPX.UK,407.6199951171875
2022-07-20,DAXEX.DE,
2022-07-20,GOOGL,113.9000015258789
2022-07-20,TSLA,247.5
2022-07-20,V80A.DE,27.934999465942383
2022-07-21,AAPL,155.35000610351562
2022-07-21,AMZN,124.62999725341797
2022-07-21,CDR.PL,92.55000305175781
2022-07-21,CSPX.UK,408.0
2022-07-21,DAXEX.DE,
2022-07-21,GOOGL,114.33999633789062
2022-07-21,TSLA,271.7066650390625
2022-07-21,V80A.DE,27.985000610351562
2022-07-22,AAPL,154.08999633789062
2022-07-22,AMZN,122.41999816894531
2022-07-22,CDR.PL,98.51000213623047
2022-07-22,CSPX.UK,408.3599853515625
2022-07-22,DAXEX.DE,
2022-07-22,GOOGL,107.9000015258789
2022-07-22,TSLA,272.24334716796875
2022-07-22,V80A.DE,28.084999084472656
2022-07-25,AAPL,152.9499969482422
2022-07-25,AMZN,121.13999938964844
2022-07-25,CDR.PL,90.0999984741211
2022-07-25,CSPX.UK,408.1099853515625
2022-07-25,DAXEX.DE,
2022-07-25,GOOGL,107.51000213623047
2022-07-25,TSLA,268.4333190917969
2022-07-25,V80A.DE,28.045000076293945
2022-07-26,AAPL,151.60000610351562
2022-07-26,AMZN,114.80999755859375
2022-07-26,CDR.PL,89.62999725341797
2022-07-26,CSPX.UK,403.5199890136719
2022-07-26,DAXEX.DE,
2022-07-26,GOOGL,105.0199966430664
2022-07-26,TSLA,258.8599853515625
2022-07-26,V80A.DE,28.075000762939453
2022-07-27,AAPL,156.7899932861328
2022-07-27,AMZN,120.97000122070312
2022-07-27,CDR.PL,88.94000244140625
2022-07-27,CSPX.UK,408.5299987792969
2022-07-27,DAXEX.DE,
2022-07-27,GOOGL,113.05999755859375
2022-07-27,TSLA,274.82000732421875
2022-07-27,V80A.DE,28.274999618530273
2022-07-28,AAPL,157.35000610351562
2022-07-28,AMZN,122.27999877929688
2022-07-28,CDR.PL,88.5
2022-07-28,CSPX.UK,415.9800109863281
2022-07-28,DAXEX.DE,
2022-07-28,GOOGL,114.22000122070312
2022-07-28,TSLA,280.8999938964844
2022-07-28,V80A.DE,28.545000076293945
2022-07-29,AAPL,162.50999450683594
2022-07-29,AMZN,134.9499969482422
2022-07-29,CDR.PL,90.80999755859375
2022-07-29,CSPX.UK,421.1400146484375
2022-07-29,DAXEX.DE,
2022-07-29,GOOGL,116.31999969482422
2022-07-29,TSLA,297.1499938964844
2022-07-29,V80A.DE,28.790000915527344
2022-08-01,AAPL,161.50999450683594
2022-08-01,AMZN,135.38999938964844
2022-08-01,CDR.PL,90.37000274658203
2022-08-01,CSPX.UK,425.1000061035156
2022-08-01,DAXEX.DE,
2022-08-01,GOOGL,114.86000061035156
2022-08-01,TSLA,297.27667236328125
2022-08-01,V80A.DE,28.774999618530273
2022-08-02,AAPL,160.00999450683594
2022-08-02,AMZN,134.16000366210938
2022-08-02,CDR.PL,86.5
2022-08-02,CSPX.UK,422.7200012207031
2022-08-02,DAXEX.DE,
2022-08-02,GOOGL,115.12999725341797
2022-08-02,TSLA,300.586669921875
2022-08-02,V80A.DE,28.815000534057617
2022-08-03,AAPL,166.1300048828125
2022-08-03,AMZN,139.52000427246094
2022-08-03,CDR.PL,87.69999694824219
2022-08-03,CSPX.UK,425.4599914550781
2022-08-03,DAXEX.DE,
2022-08-03,GOOGL,118.08000183105469
2022-08-03,TSLA,307.39666748046875
2022-08-03,V80A.DE,29.0049991607666
2022-08-04,AAPL,165.80999755859375
2022-08-04,AMZN,142.57000732421875
2022-08-04,CDR.PL,92.4800033569336
2022-08-04,CSPX.UK,426.239990234375
2022-08-04,DAXEX.DE,
2022-08-04,GOOGL,118.19000244140625
2022-08-04,TSLA,308.6333312988281
2022-08-04,V80A.DE,28.924999237060547
2022-08-05,AAPL,165.35000610351562
2022-08-05,AMZN,140.8000030517578
2022-08-05,CDR.PL,92.66000366210938
2022-08-05,CSPX.UK,423.6400146484375
2022-08-05,DAXEX.DE,
2022-08-05,GOOGL,117.47000122070312
2022-08-05,TSLA,288.1700134277344
2022-08-05,V80A.DE,28.860000610351562
2022-08-08,AAPL,164.8699951171875
2022-08-08,AMZN,139.41000366210938
2022-08-08,CDR.PL,91.69999694824219
2022-08-08,CSPX.UK,428.5400085449219
2022-08-08,DAXEX.DE,
2022-08-08,GOOGL,117.30000305175781
2022-08-08,TSLA,290.42333984375
2022-08-08,V80A.DE,29.049999237060547
2022-08-09,AAPL,164.9199981689453
2022-08-09,AMZN,137.8300018310547
2022-08-09,CDR.PL,88.5
2022-08-09,CSPX.UK,424.2699890136719
2022-08-09,DAXEX.DE,
2022-08-09,GOOGL,116.62999725341797
2022-08-09,TSLA,283.3333435058594
2022-08-09,V80A.DE,28.809999465942383
2022-08-10,AAPL,169.24000549316406
2022-08-10,AMZN,142.69000244140625
2022-08-10,CDR.PL,92.0
2022-08-10,CSPX.UK,432.239990234375
2022-08-10,DAXEX.DE,
2022-08-10,GOOGL,119.69999694824219
2022-08-10,TSLA,294.3566589355469
2022-08-10,V80A.DE,28.94499969482422
2022-08-11,AAPL,168.49000549316406
2022-08-11,AMZN,140.63999938964844
2022-08-11,CDR.PL,95.61000061035156
2022-08-11,CSPX.UK,435.239990234375
2022-08-11,DAXEX.DE,
2022-08-11,GOOGL,118.83999633789062
2022-08-11,TSLA,286.6300048828125
2022-08-11,V80A.DE,29.114999771118164
2022-08-12,AAPL,172.10000610351562
2022-08-12,AMZN,143.5500030517578
2022-08-12,CDR.PL,94.0
2022-08-12,CSPX.UK,436.5400085449219
2022-08-12,DAXEX.DE,
2022-08-12,GOOGL,121.68000030517578
2022-08-12,TSLA,300.0299987792969
2022-08-12,V80A.DE,29.315000534057617
2022-08-15,AAPL,173.19000244140625
2022-08-15,AMZN,143.17999267578125
2022-08-15,CDR.PL,
2022-08-15,CSPX.UK,439.6400146484375
2022-08-15,DAXEX.DE,
2022-08-15,GOOGL,122.08000183105469
2022-08-15,TSLA,309.32000732421875
2022-08-15,V80A.DE,29.485000610351562
2022-08-16,AAPL,173.02999877929688
2022-08-16,AMZN,144.77999877929688
2022-08-16,CDR.PL,92.55000305175781
2022-08-16,CSPX.UK,442.4599914550781
2022-08-16,DAXEX.DE,
2022-08-16,GOOGL,121.69999694824219
2022-08-16,TSLA,306.5633239746094
2022-08-16,V80A.DE,29.610000610351562
2022-08-17,AAPL,174.5500030517578
2022-08-17,AMZN,142.10000610351562
2022-08-17,CDR.PL,93.5
2022-08-17,CSPX.UK,439.1199951171875
2022-08-17,DAXEX.DE,
2022-08-17,GOOGL,119.55000305175781
2022-08-17,TSLA,303.9966735839844
2022-08-17,V80A.DE,29.454999923706055
2022-08-18,AAPL,174.14999389648438
2022-08-18,AMZN,142.3000030517578
2022-08-18,CDR.PL,92.0999984741211
2022-08-18,CSPX.UK,440.6199951171875
2022-08-18,DAXEX.DE,
2022-08-18,GOOGL,120.16999816894531
2022-08-18,TSLA,302.8699951171875
2022-08-18,V80A.DE,29.614999771118164
2022-08-19,AAPL,171.52000427246094
2022-08-19,AMZN,138.22999572753906
2022-08-19,CDR.PL,88.93000030517578
2022-08-19,CSPX.UK,435.1400146484375
2022-08-19,DAXEX.DE,
2022-08-19,GOOGL,117.20999908447266
2022-08-19,TSLA,296.6666564941406
2022-08-19,V80A.DE,29.43000030517578
2022-08-22,AAPL,167.57000732421875
2022-08-22,AMZN,133.22000122070312
2022-08-22,CDR.PL,86.05999755859375
2022-08-22,CSPX.UK,428.1600036621094
2022-08-22,DAXEX.DE,
2022-08-22,GOOGL,114.23999786376953
2022-08-22,TSLA,289.913330078125
2022-08-22,V80A.DE,29.2549991607666
2022-08-23,AAPL,167.22999572753906
2022-08-23,AMZN,133.6199951171875
2022-08-23,CDR.PL,84.0
2022-08-23,CSPX.UK,425.7799987792969
2022-08-23,DAXEX.DE,
2022-08-23,GOOGL,113.86000061035156
2022-08-23,TSLA,296.4533386230469
2022-08-23,V80A.DE,29.155000686645508
2022-08-24,AAPL,167.52999877929688
2022-08-24,AMZN,133.8000030517578
2022-08-24,CDR.PL,84.01000213623047
2022-08-24,CSPX.UK,427.1300048828125
2022-08-24,DAXEX.DE,
2022-08-24,GOOGL,113.69000244140625
2022-08-24,TSLA,297.0966796875
2022-08-24,V80A.DE,29.204999923706055
2022-08-25,AAPL,170.02999877929688
2022-08-25,AMZN,137.27999877929688
2022-08-25,CDR.PL,82.83999633789062
2022-08-25,CSPX.UK,428.4599914550781
2022-08-25,DAXEX.DE,
2022-08-25,GOOGL,116.6500015258789
2022-08-25,TSLA,296.07000732421875
2022-08-25,V80A.DE,29.34000015258789
2022-08-26,AAPL,163.6199951171875
2022-08-26,AMZN,130.75
2022-08-26,CDR.PL,84.0
2022-08-26,CSPX.UK,423.9800109863281
2022-08-26,DAXEX.DE,
2022-08-26,GOOGL,110.33999633789062
2022-08-26,TSLA,288.0899963378906
2022-08-26,V80A.DE,29.030000686645508
2022-08-29,AAPL,161.3800048828125
2022-08-29,AMZN,129.7899932861328
2022-08-29,CDR.PL,82.52999877929688
2022-08-29,CSPX.UK,
2022-08-29,DAXEX.DE,
2022-08-29,GOOGL,109.41999816894531
2022-08-29,TSLA,284.82000732421875
2022-08-29,V80A.DE,28.604999542236328
2022-08-30,AAPL,158.91000366210938
2022-08-30,AMZN,128.72999572753906
2022-08-30,CDR.PL,81.91000366210938
2022-08-30,CSPX.UK,411.6099853515625
2022-08-30,DAXEX.DE,
2022-08-30,GOOGL,108.94000244140625
2022-08-30,TSLA,277.70001220703125
2022-08-30,V80A.DE,28.34000015258789
2022-08-31,AAPL,157.22000122070312
2022-08-31,AMZN,126.7699966430664
2022-08-31,CDR.PL,84.12000274658203
2022-08-31,CSPX.UK,409.95001220703125
2022-08-31,DAXEX.DE,
2022-08-31,GOOGL,108.22000122070312
2022-08-31,TSLA,275.6099853515625
2022-08-31,V80A.DE,28.200000762939453
2022-09-01,AAPL,157.9600067138672
2022-09-01,AMZN,127.81999969482422
2022-09-01,CDR.PL,81.5
2022-09-01,CSPX.UK,403.9100036621094
2022-09-01,DAXEX.DE,
2022-09-01,GOOGL,109.73999786376953
2022-09-01,TSLA,277.1600036621094
2022-09-01,V80A.DE,28.0049991607666
2022-09-02,AAPL,155.80999755859375
2022-09-02,AMZN,127.51000213623047
2022-09-02,CDR.PL,82.0
2022-09-02,CSPX.UK,413.1400146484375
2022-09-02,DAXEX.DE,
2022-09-02,GOOGL,107.8499984741211
2022-09-02,TSLA,270.2099914550781
2022-09-02,V80A.DE,28.290000915527344
2022-09-05,AAPL,
2022-09-05,AMZN,
2022-09-05,CDR.PL,81.66000366210938
2022-09-05,CSPX.UK,405.04998779296875
2022-09-05,DAXEX.DE,
2022-09-05,GOOGL,
2022-09-05,TSLA,
2022-09-05,V80A.DE,28.18000030517578
2022-09-06,AAPL,154.52999877929688
2022-09-06,AMZN,126.11000061035156
2022-09-06,CDR.PL,78.56999969482422
2022-09-06,CSPX.UK,405.1099853515625
2022-09-06,DAXEX.DE,
2022-09-06,GOOGL,106.80999755859375
2022-09-06,TSLA,274.4200134277344
2022-09-06,V80A.DE,28.09000015258789
2022-09-07,AAPL,155.9600067138672
2022-09-07,AMZN,129.47999572753906
2022-09-07,CDR.PL,77.88999938964844
2022-09-07,CSPX.UK,405.7799987792969
2022-09-07,DAXEX.DE,
2022-09-07,GOOGL,109.44999694824219
2022-09-07,TSLA,283.70001220703125
2022-09-07,V80A.DE,28.024999618530273
2022-09-08,AAPL,154.4600067138672
2022-09-08,AMZN,129.82000732421875
2022-09-08,CDR.PL,82.11000061035156
2022-09-08,CSPX.UK,412.6700134277344
2022-09-08,DAXEX.DE,
2022-09-08,GOOGL,108.37999725341797
2022-09-08,TSLA,289.260009765625
2022-09-08,V80A.DE,28.28499984741211
2022-09-09,AAPL,157.3699951171875
2022-09-09,AMZN,133.27000427246094
2022-09-09,CDR.PL,87.80000305175781
2022-09-09,CSPX.UK,418.1400146484375
2022-09-09,DAXEX.DE,
2022-09-09,GOOGL,110.6500015258789
2022-09-09,TSLA,299.67999267578125
2022-09-09,V80A.DE,28.44499969482422
2022-09-12,AAPL,163.42999267578125
2022-09-12,AMZN,136.4499969482422
2022-09-12,CDR.PL,84.63999938964844
2022-09-12,CSPX.UK,423.6600036621094
2022-09-12,DAXEX.DE,
2022-09-12,GOOGL,110.86000061035156
2022-09-12,TSLA,304.4200134277344
2022-09-12,V80A.DE,28.610000610351562
2022-09-13,AAPL,153.83999633789062
2022-09-13,AMZN,126.81999969482422
2022-09-13,CDR.PL,86.16000366210938
2022-09-13,CSPX.UK,410.3800048828125
2022-09-13,DAXEX.DE,
2022-09-13,GOOGL,104.31999969482422
2022-09-13,TSLA,292.1300048828125
2022-09-13,V80A.DE,28.235000610351562
2022-09-14,AAPL,155.30999755859375
2022-09-14,AMZN,128.5500030517578
2022-09-14,CDR.PL,90.44000244140625
2022-09-14,CSPX.UK,406.4100036621094
2022-09-14,DAXEX.DE,
2022-09-14,GOOGL,105.0
2022-09-14,TSLA,302.6099853515625
2022-09-14,V80A.DE,28.125
2022-09-15,AAPL,152.3699951171875
2022-09-15,AMZN,126.27999877929688
2022-09-15,CDR.PL,91.69999694824219
2022-09-15,CSPX.UK,403.8399963378906
2022-09-15,DAXEX.DE,
2022-09-15,GOOGL,102.91000366210938
2022-09-15,TSLA,303.75
2022-09-15,V80A.DE,27.975000381469727
2022-09-16,AAPL,150.6999969482422
2022-09-16,AMZN,123.52999877929688
2022-09-16,CDR.PL,88.7699966430664
2022-09-16,CSPX.UK,396.9800109863281
2022-09-16,DAXEX.DE,
2022-09-16,GOOGL,102.80000305175781
2022-09-16,TSLA,303.3500061035156
2022-09-16,V80A.DE,27.545000076293945
2022-09-19,AAPL,154.47999572753906
2022-09-19,AMZN,124.66000366210938
2022-09-19,CDR.PL,88.91000366210938
2022-09-19,CSPX.UK,
2022-09-19,DAXEX.DE,
2022-09-19,GOOGL,103.06999969482422
2022-09-19,TSLA,309.07000732421875
2022-09-19,V80A.DE,27.610000610351562
2022-09-20,AAPL,156.89999389648438
2022-09-20,AMZN,122.19000244140625
2022-09-20,CDR.PL,89.29000091552734
2022-09-20,CSPX.UK,397.92999267578125
2022-09-20,DAXEX.DE,
2022-09-20,GOOGL,101.13999938964844
2022-09-20,TSLA,308.7300109863281
2022-09-20,V80A.DE,27.55500030517578
2022-09-21,AAPL,153.72000122070312
2022-09-21,AMZN,118.54000091552734
2022-09-21,CDR.PL,87.91999816894531
2022-09-21,CSPX.UK,399.44000244140625
2022-09-21,DAXEX.DE,
2022-09-21,GOOGL,99.27999877929688
2022-09-21,TSLA,300.79998779296875
2022-09-21,V80A.DE,27.799999237060547
2022-09-22,AAPL,152.74000549316406
2022-09-22,AMZN,117.30999755859375
2022-09-22,CDR.PL,88.48999786376953
2022-09-22,CSPX.UK,387.5199890136719
2022-09-22,DAXEX.DE,
2022-09-22,GOOGL,100.13999938964844
2022-09-22,TSLA,288.5899963378906
2022-09-22,V80A.DE,27.31999969482422
2022-09-23,AAPL,150.42999267578125
2022-09-23,AMZN,113.77999877929688
2022-09-23,CDR.PL,90.48999786376953
2022-09-23,CSPX.UK,380.5
2022-09-23,DAXEX.DE,
2022-09-23,GOOGL,98.73999786376953
2022-09-23,TSLA,275.3299865722656
2022-09-23,V80A.DE,27.065000534057617
2022-09-26,AAPL,150.77000427246094
2022-09-26,AMZN,115.1500015258789
2022-09-26,CDR.PL,102.68000030517578
2022-09-26,CSPX.UK,378.7799987792969
2022-09-26,DAXEX.DE,
2022-09-26,GOOGL,98.16999816894531
2022-09-26,TSLA,276.010009765625
2022-09-26,V80A.DE,27.075000762939453
2022-09-27,AAPL,151.75999450683594
2022-09-27,AMZN,114.41000366210938
2022-09-27,CDR.PL,104.05999755859375
2022-09-27,CSPX.UK,378.260009765625
2022-09-27,DAXEX.DE,
2022-09-27,GOOGL,97.5
2022-09-27,TSLA,282.94000244140625
2022-09-27,V80A.DE,27.010000228881836
2022-09-28,AAPL,149.83999633789062
2022-09-28,AMZN,118.01000213623047
2022-09-28,CDR.PL,105.76000213623047
2022-09-28,CSPX.UK,379.7699890136719
2022-09-28,DAXEX.DE,
2022-09-28,GOOGL,100.05000305175781
2022-09-28,TSLA,287.80999755859375
2022-09-28,V80A.DE,27.065000534057617
2022-09-29,AAPL,142.47999572753906
2022-09-29,AMZN,114.80000305175781
2022-09-29,CDR.PL,98.62000274658203
2022-09-29,CSPX.UK,375.54998779296875
2022-09-29,DAXEX.DE,
2022-09-29,GOOGL,97.41999816894531
2022-09-29,TSLA,268.2099914550781
2022-09-29,V80A.DE,26.565000534057617
2022-09-30,AAPL,138.1999969482422
2022-09-30,AMZN,113.0
2022-09-30,CDR.PL,100.19999694824219
2022-09-30,CSPX.UK,377.7799987792969
2022-09-30,DAXEX.DE,
2022-09-30,GOOGL,95.6500015258789
2022-09-30,TSLA,265.25
2022-09-30,V80A.DE,26.670000076293945
2022-10-03,AAPL,142.4499969482422
2022-10-03,AMZN,115.87999725341797
2022-10-03,CDR.PL,105.33999633789062
2022-10-03,CSPX.UK,377.3999938964844
2022-10-03,DAXEX.DE,
2022-10-03,GOOGL,98.63999938964844
2022-10-03,TSLA,242.39999389648438
2022-10-03,V80A.DE,26.684999465942383
2022-10-04,AAPL,146.10000610351562
2022-10-04,AMZN,121.08999633789062
2022-10-04,CDR.PL,108.4000015258789
2022-10-04,CSPX.UK,389.94000244140625
2022-10-04,DAXEX.DE,
2022-10-04,GOOGL,101.63999938964844
2022-10-04,TSLA,249.44000244140625
2022-10-04,V80A.DE,27.155000686645508
2022-10-05,AAPL,146.39999389648438
2022-10-05,AMZN,120.94999694824219
2022-10-05,CDR.PL,110.26000213623047
2022-10-05,CSPX.UK,385.4700012207031
2022-10-05,DAXEX.DE,
2022-10-05,GOOGL,101.43000030517578
2022-10-05,TSLA,240.80999755859375
2022-10-05,V80A.DE,27.06999969482422
2022-10-06,AAPL,145.42999267578125
2022-10-06,AMZN,120.30000305175781
2022-10-06,CDR.PL,111.54000091552734
2022-10-06,CSPX.UK,388.5400085449219
2022-10-06,DAXEX.DE,
2022-10-06,GOOGL,101.41999816894531
2022-10-06,TSLA,238.1300048828125
2022-10-06,V80A.DE,27.200000762939453
2022-10-07,AAPL,140.08999633789062
2022-10-07,AMZN,114.55999755859375
2022-10-07,CDR.PL,116.22000122070312
2022-10-07,CSPX.UK,377.95001220703125
2022-10-07,DAXEX.DE,
2022-10-07,GOOGL,98.68000030517578
2022-10-07,TSLA,223.07000732421875
2022-10-07,V80A.DE,26.780000686645508
2022-10-10,AAPL,140.4199981689453
2022-10-10,AMZN,113.66999816894531
2022-10-10,CDR.PL,114.68000030517578
2022-10-10,CSPX.UK,372.82000732421875
2022-10-10,DAXEX.DE,
2022-10-10,GOOGL,97.86000061035156
2022-10-10,TSLA,222.9600067138672
2022-10-10,V80A.DE,26.670000076293945
2022-10-11,AAPL,138.97999572753906
2022-10-11,AMZN,112.20999908447266
2022-10-11,CDR.PL,120.80000305175781
2022-10-11,CSPX.UK,372.17999267578125
2022-10-11,DAXEX.DE,
2022-10-11,GOOGL,97.18000030517578
2022-10-11,TSLA,216.5
2022-10-11,V80A.DE,26.459999084472656
2022-10-12,AAPL,138.33999633789062
2022-10-12,AMZN,112.9000015258789
2022-10-12,CDR.PL,114.80000305175781
2022-10-12,CSPX.UK,370.67999267578125
2022-10-12,DAXEX.DE,
2022-10-12,GOOGL,97.55999755859375
2022-10-12,TSLA,217.24000549316406
2022-10-12,V80A.DE,26.454999923706055
2022-10-13,AAPL,142.99000549316406
2022-10-13,AMZN,112.52999877929688
2022-10-13,CDR.PL,112.05999755859375
2022-10-13,CSPX.UK,372.989990234375
2022-10-13,DAXEX.DE,
2022-10-13,GOOGL,99.05999755859375
2022-10-13,TSLA,221.72000122070312
2022-10-13,V80A.DE,26.40999984741211
2022-10-14,AAPL,138.3800048828125
2022-10-14,AMZN,106.9000015258789
2022-10-14,CDR.PL,113.76000213623047
2022-10-14,CSPX.UK,373.4200134277344
2022-10-14,DAXEX.DE,
2022-10-14,GOOGL,96.55999755859375
2022-10-14,TSLA,204.99000549316406
2022-10-14,V80A.DE,26.440000534057617
2022-10-17,AAPL,142.41000366210938
2022-10-17,AMZN,113.79000091552734
2022-10-17,CDR.PL,117.95999908447266
2022-10-17,CSPX.UK,378.8900146484375
2022-10-17,DAXEX.DE,
2022-10-17,GOOGL,99.97000122070312
2022-10-17,TSLA,219.35000610351562
2022-10-17,V80A.DE,26.614999771118164
2022-10-18,AAPL,143.75
2022-10-18,AMZN,116.36000061035156
2022-10-18,CDR.PL,121.22000122070312
2022-10-18,CSPX.UK,381.3800048828125
2022-10-18,DAXEX.DE,
2022-10-18,GOOGL,100.7699966430664
2022-10-18,TSLA,220.19000244140625
2022-10-18,V80A.DE,26.739999771118164
2022-10-19,AAPL,143.86000061035156
2022-10-19,AMZN,115.06999969482422
2022-10-19,CDR.PL,118.72000122070312
2022-10-19,CSPX.UK,381.94000244140625
2022-10-19,DAXEX.DE,
2022-10-19,GOOGL,99.62999725341797
2022-10-19,TSLA,222.0399932861328
2022-10-19,V80A.DE,26.78499984741211
2022-10-20,AAPL,143.38999938964844
2022-10-20,AMZN,115.25
2022-10-20,CDR.PL,118.91999816894531
2022-10-20,CSPX.UK,383.489990234375
2022-10-20,DAXEX.DE,
2022-10-20,GOOGL,99.97000122070312
2022-10-20,TSLA,207.27999877929688
2022-10-20,V80A.DE,26.795000076293945
2022-10-21,AAPL,147.27000427246094
2022-10-21,AMZN,119.31999969482422
2022-10-21,CDR.PL,118.5999984741211
2022-10-21,CSPX.UK,381.2699890136719
2022-10-21,DAXEX.DE,
2022-10-21,GOOGL,101.12999725341797
2022-10-21,TSLA,214.44000244140625
2022-10-21,V80A.DE,26.639999389648438
2022-10-24,AAPL,149.4499969482422
2022-10-24,AMZN,119.81999969482422
2022-10-24,CDR.PL,121.0
2022-10-24,CSPX.UK,389.489990234375
2022-10-24,DAXEX.DE,
2022-10-24,GOOGL,102.5199966430664
2022-10-24,TSLA,211.25
2022-10-24,V80A.DE,26.729999542236328
2022-10-25,AAPL,152.33999633789062
2022-10-25,AMZN,120.5999984741211
2022-10-25,CDR.PL,118.26000213623047
2022-10-25,CSPX.UK,396.69000244140625
2022-10-25,DAXEX.DE,
2022-10-25,GOOGL,104.4800033569336
2022-10-25,TSLA,222.4199981689453
2022-10-25,V80A.DE,27.024999618530273
2022-10-26,AAPL,149.35000610351562
2022-10-26,AMZN,115.66000366210938
2022-10-26,CDR.PL,122.45999908447266
2022-10-26,CSPX.UK,400.489990234375
2022-10-26,DAXEX.DE,
2022-10-26,GOOGL,94.93000030517578
2022-10-26,TSLA,224.63999938964844
2022-10-26,V80A.DE,27.139999389648438
2022-10-27,AAPL,144.8000030517578
2022-10-27,AMZN,110.95999908447266
2022-10-27,CDR.PL,120.0999984741211
2022-10-27,CSPX.UK,395.6400146484375
2022-10-27,DAXEX.DE,
2022-10-27,GOOGL,92.22000122070312
2022-10-27,TSLA,225.08999633789062
2022-10-27,V80A.DE,27.110000610351562
2022-10-28,AAPL,155.74000549316406
2022-10-28,AMZN,103.41000366210938
2022-10-28,CDR.PL,124.0
2022-10-28,CSPX.UK,398.489990234375
2022-10-28,DAXEX.DE,
2022-10-28,GOOGL,96.29000091552734
2022-10-28,TSLA,228.52000427246094
2022-10-28,V80A.DE,27.34000015258789
2022-10-31,AAPL,153.33999633789062
2022-10-31,AMZN,102.44000244140625
2022-10-31,CDR.PL,127.0999984741211
2022-10-31,CSPX.UK,399.6099853515625
2022-10-31,DAXEX.DE,
2022-10-31,GOOGL,94.51000213623047
2022-10-31,TSLA,227.5399932861328
2022-10-31,V80A.DE,27.3799991607666
2022-11-01,AAPL,150.64999389648438
2022-11-01,AMZN,96.79000091552734
2022-11-01,CDR.PL,
2022-11-01,CSPX.UK,397.82000732421875
2022-11-01,DAXEX.DE,
2022-11-01,GOOGL,90.47000122070312
2022-11-01,TSLA,227.82000732421875
2022-11-01,V80A.DE,27.405000686645508
2022-11-02,AAPL,145.02999877929688
2022-11-02,AMZN,92.12000274658203
2022-11-02,CDR.PL,136.22000122070312
2022-11-02,CSPX.UK,394.94000244140625
2022-11-02,DAXEX.DE,
2022-11-02,GOOGL,86.97000122070312
2022-11-02,TSLA,214.97999572753906
2022-11-02,V80A.DE,27.344999313354492
2022-11-03,AAPL,138.8800048828125
2022-11-03,AMZN,89.30000305175781
2022-11-03,CDR.PL,134.24000549316406
2022-11-03,CSPX.UK,385.7300109863281
2022-11-03,DAXEX.DE,
2022-11-03,GOOGL,83.43000030517578
2022-11-03,TSLA,215.30999755859375
2022-11-03,V80A.DE,27.1200008392334
2022-11-04,AAPL,138.3800048828125
2022-11-04,AMZN,90.9800033569336
2022-11-04,CDR.PL,139.17999267578125
2022-11-04,CSPX.UK,385.489990234375
2022-11-04,DAXEX.DE,
2022-11-04,GOOGL,86.58000183105469
2022-11-04,TSLA,207.47000122070312
2022-11-04,V80A.DE,26.985000610351562
2022-11-07,AAPL,138.9199981689453
2022-11-07,AMZN,90.52999877929688
2022-11-07,CDR.PL,136.27999877929688
2022-11-07,CSPX.UK,390.92999267578125
2022-11-07,DAXEX.DE,
2022-11-07,GOOGL,88.48999786376953
2022-11-07,TSLA,197.0800018310547
2022-11-07,V80A.DE,27.06999969482422
2022-11-08,AAPL,139.5
2022-11-08,AMZN,89.9800033569336
2022-11-08,CDR.PL,136.0800018310547
2022-11-08,CSPX.UK,397.8900146484375
2022-11-08,DAXEX.DE,
2022-11-08,GOOGL,88.9000015258789
2022-11-08,TSLA,191.3000030517578
2022-11-08,V80A.DE,27.270000457763672
2022-11-09,AAPL,134.8699951171875
2022-11-09,AMZN,86.13999938964844
2022-11-09,CDR.PL,136.32000732421875
2022-11-09,CSPX.UK,392.1000061035156
2022-11-09,DAXEX.DE,
2022-11-09,GOOGL,87.31999969482422
2022-11-09,TSLA,177.58999633789062
2022-11-09,V80A.DE,27.075000762939453
2022-11-10,AAPL,146.8699951171875
2022-11-10,AMZN,96.62999725341797
2022-11-10,CDR.PL,140.8000030517578
2022-11-10,CSPX.UK,404.7699890136719
2022-11-10,DAXEX.DE,
2022-11-10,GOOGL,93.94000244140625
2022-11-10,TSLA,190.72000122070312
2022-11-10,V80A.DE,27.56999969482422
2022-11-11,AAPL,149.6999969482422
2022-11-11,AMZN,100.79000091552734
2022-11-11,CDR.PL,
2022-11-11,CSPX.UK,408.1499938964844
2022-11-11,DAXEX.DE,
2022-11-11,GOOGL,96.41000366210938
2022-11-11,TSLA,195.97000122070312
2022-11-11,V80A.DE,27.579999923706055
2022-11-14,AAPL,148.27999877929688
2022-11-14,AMZN,98.48999786376953
2022-11-14,CDR.PL,145.55999755859375
2022-11-14,CSPX.UK,411.7799987792969
2022-11-14,DAXEX.DE,
2022-11-14,GOOGL,95.69999694824219
2022-11-14,TSLA,190.9499969482422
2022-11-14,V80A.DE,27.604999542236328
2022-11-15,AAPL,150.0399932861328
2022-11-15,AMZN,98.94000244140625
2022-11-15,CDR.PL,147.5
2022-11-15,CSPX.UK,415.29998779296875
2022-11-15,DAXEX.DE,
2022-11-15,GOOGL,98.44000244140625
2022-11-15,TSLA,194.4199981689453
2022-11-15,V80A.DE,27.780000686645508
2022-11-16,AAPL,148.7899932861328
2022-11-16,AMZN,97.12000274658203
2022-11-16,CDR.PL,145.17999267578125
2022-11-16,CSPX.UK,409.9800109863281
2022-11-16,DAXEX.DE,
2022-11-16,GOOGL,98.8499984741211
2022-11-16,TSLA,186.9199981689453
2022-11-16,V80A.DE,27.485000610351562
2022-11-17,AAPL,150.72000122070312
2022-11-17,AMZN,94.8499984741211
2022-11-17,CDR.PL,146.83999633789062
2022-11-17,CSPX.UK,405.0400085449219
2022-11-17,DAXEX.DE,
2022-11-17,GOOGL,98.36000061035156
2022-11-17,TSLA,183.1699981689453
2022-11-17,V80A.DE,27.3700008392334
2022-11-18,AAPL,151.2899932861328
2022-11-18,AMZN,94.13999938964844
2022-11-18,CDR.PL,145.0
2022-11-18,CSPX.UK,409.1499938964844
2022-11-18,DAXEX.DE,
2022-11-18,GOOGL,97.43000030517578
2022-11-18,TSLA,180.19000244140625
2022-11-18,V80A.DE,27.514999389648438
2022-11-21,AAPL,148.00999450683594
2022-11-21,AMZN,92.45999908447266
2022-11-21,CDR.PL,139.27999877929688
2022-11-21,CSPX.UK,407.05999755859375
2022-11-21,DAXEX.DE,
2022-11-21,GOOGL,95.5999984741211
2022-11-21,TSLA,167.8699951171875
2022-11-21,V80A.DE,27.6299991607666
2022-11-22,AAPL,150.17999267578125
2022-11-22,AMZN,93.19999694824219
2022-11-22,CDR.PL,137.94000244140625
2022-11-22,CSPX.UK,410.8399963378906
2022-11-22,DAXEX.DE,
2022-11-22,GOOGL,97.05000305175781
2022-11-22,TSLA,169.91000366210938
2022-11-22,V80A.DE,27.729999542236328
2022-11-23,AAPL,151.07000732421875
2022-11-23,AMZN,94.12999725341797
2022-11-23,CDR.PL,138.60000610351562
2022-11-23,CSPX.UK,415.7799987792969
2022-11-23,DAXEX.DE,
2022-11-23,GOOGL,98.45999908447266
2022-11-23,TSLA,183.1999969482422
2022-11-23,V80A.DE,27.829999923706055
2022-11-24,AAPL,
2022-11-24,AMZN,
2022-11-24,CDR.PL,141.3800048828125
2022-11-24,CSPX.UK,417.3399963378906
2022-11-24,DAXEX.DE,
2022-11-24,GOOGL,
2022-11-24,TSLA,
2022-11-24,V80A.DE,27.940000534057617
2022-11-25,AAPL,148.11000061035156
2022-11-25,AMZN,93.41000366210938
2022-11-25,CDR.PL,140.0
2022-11-25,CSPX.UK,416.1099853515625
2022-11-25,DAXEX.DE,
2022-11-25,GOOGL,97.45999908447266
2022-11-25,TSLA,182.86000061035156
2022-11-25,V80A.DE,27.84000015258789
2022-11-28,AAPL,144.22000122070312
2022-11-28,AMZN,93.94999694824219
2022-11-28,CDR.PL,138.52000427246094
2022-11-28,CSPX.UK,412.1499938964844
2022-11-28,DAXEX.DE,
2022-11-28,GOOGL,96.05000305175781
2022-11-28,TSLA,182.9199981689453
2022-11-28,V80A.DE,27.700000762939453
2022-11-29,AAPL,141.1699981689453
2022-11-29,AMZN,92.41999816894531
2022-11-29,CDR.PL,131.47999572753906
2022-11-29,CSPX.UK,407.7099914550781
2022-11-29,DAXEX.DE,
2022-11-29,GOOGL,95.19000244140625
2022-11-29,TSLA,180.8300018310547
2022-11-29,V80A.DE,27.614999771118164
2022-11-30,AAPL,148.02999877929688
2022-11-30,AMZN,96.54000091552734
2022-11-30,CDR.PL,130.97999572753906
2022-11-30,CSPX.UK,408.9100036621094
2022-11-30,DAXEX.DE,
2022-11-30,GOOGL,100.98999786376953
2022-11-30,TSLA,194.6999969482422
2022-11-30,V80A.DE,27.760000228881836
2022-12-01,AAPL,148.30999755859375
2022-12-01,AMZN,95.5
2022-12-01,CDR.PL,123.58000183105469
2022-12-01,CSPX.UK,421.04998779296875
2022-12-01,DAXEX.DE,
2022-12-01,GOOGL,100.98999786376953
2022-12-01,TSLA,194.6999969482422
2022-12-01,V80A.DE,27.954999923706055
2022-12-02,AAPL,147.80999755859375
2022-12-02,AMZN,94.12999725341797
2022-12-02,CDR.PL,127.31999969482422
2022-12-02,CSPX.UK,418.8599853515625
2022-12-02,DAXEX.DE,
2022-12-02,GOOGL,100.44000244140625
2022-12-02,TSLA,194.86000061035156
2022-12-02,V80A.DE,27.93000030517578
2022-12-05,AAPL,146.6300048828125
2022-12-05,AMZN,91.01000213623047
2022-12-05,CDR.PL,127.80000305175781
2022-12-05,CSPX.UK,415.6000061035156
2022-12-05,DAXEX.DE,
2022-12-05,GOOGL,99.4800033569336
2022-12-05,TSLA,182.4499969482422
2022-12-05,V80A.DE,27.770000457763672
2022-12-06,AAPL,142.91000366210938
2022-12-06,AMZN,88.25
2022-12-06,CDR.PL,130.75999450683594
2022-12-06,CSPX.UK,409.1400146484375
2022-12-06,DAXEX.DE,
2022-12-06,GOOGL,96.9800033569336
2022-12-06,TSLA,179.82000732421875
2022-12-06,V80A.DE,27.450000762939453
2022-12-07,AAPL,140.94000244140625
2022-12-07,AMZN,88.45999908447266
2022-12-07,CDR.PL,128.5
2022-12-07,CSPX.UK,405.989990234375
2022-12-07,DAXEX.DE,
2022-12-07,GOOGL,94.94000244140625
2022-12-07,TSLA,174.0399932861328
2022-12-07,V80A.DE,27.420000076293945
2022-12-08,AAPL,142.64999389648438
2022-12-08,AMZN,90.3499984741211
2022-12-08,CDR.PL,126.4800033569336
2022-12-08,CSPX.UK,409.1499938964844
2022-12-08,DAXEX.DE,
2022-12-08,GOOGL,93.70999908447266
2022-12-08,TSLA,173.44000244140625
2022-12-08,V80A.DE,27.43000030517578
2022-12-09,AAPL,142.16000366210938
2022-12-09,AMZN,89.08999633789062
2022-12-09,CDR.PL,131.3800048828125
2022-12-09,CSPX.UK,410.510009765625
2022-12-09,DAXEX.DE,
2022-12-09,GOOGL,92.83000183105469
2022-12-09,TSLA,179.0500030517578
2022-12-09,V80A.DE,27.559999465942383
2022-12-12,AAPL,144.49000549316406
2022-12-12,AMZN,90.55000305175781
2022-12-12,CDR.PL,134.52000427246094
2022-12-12,CSPX.UK,408.4200134277344
2022-12-12,DAXEX.DE,
2022-12-12,GOOGL,93.30999755859375
2022-12-12,TSLA,167.82000732421875
2022-12-12,V80A.DE,27.469999313354492
2022-12-13,AAPL,145.47000122070312
2022-12-13,AMZN,92.48999786376953
2022-12-13,CDR.PL,137.02000427246094
2022-12-13,CSPX.UK,419.45001220703125
2022-12-13,DAXEX.DE,
2022-12-13,GOOGL,95.62999725341797
2022-12-13,TSLA,160.9499969482422
2022-12-13,V80A.DE,27.704999923706055
2022-12-14,AAPL,143.2100067138672
2022-12-14,AMZN,91.58000183105469
2022-12-14,CDR.PL,142.60000610351562
2022-12-14,CSPX.UK,418.4800109863281
2022-12-14,DAXEX.DE,
2022-12-14,GOOGL,95.06999969482422
2022-12-14,TSLA,156.8000030517578
2022-12-14,V80A.DE,27.684999465942383
2022-12-15,AAPL,136.5
2022-12-15,AMZN,88.44999694824219
2022-12-15,CDR.PL,129.89999389648438
2022-12-15,CSPX.UK,403.19000244140625
2022-12-15,DAXEX.DE,
2022-12-15,GOOGL,90.86000061035156
2022-12-15,TSLA,157.6699981689453
2022-12-15,V80A.DE,26.940000534057617
2022-12-16,AAPL,134.50999450683594
2022-12-16,AMZN,87.86000061035156
2022-12-16,CDR.PL,132.63999938964844
2022-12-16,CSPX.UK,397.6700134277344
2022-12-16,DAXEX.DE,
2022-12-16,GOOGL,90.26000213623047
2022-12-16,TSLA,150.22999572753906
2022-12-16,V80A.DE,26.78499984741211
2022-12-19,AAPL,132.3699951171875
2022-12-19,AMZN,84.91999816894531
2022-12-19,CDR.PL,128.74000549316406
2022-12-19,CSPX.UK,395.5199890136719
2022-12-19,DAXEX.DE,
2022-12-19,GOOGL,88.44000244140625
2022-12-19,TSLA,149.8699951171875
2022-12-19,V80A.DE,26.725000381469727
2022-12-20,AAPL,132.3000030517578
2022-12-20,AMZN,85.19000244140625
2022-12-20,CDR.PL,128.0
2022-12-20,CSPX.UK,394.3699951171875
2022-12-20,DAXEX.DE,
2022-12-20,GOOGL,89.0199966430664
2022-12-20,TSLA,137.8000030517578
2022-12-20,V80A.DE,26.56999969482422
2022-12-21,AAPL,135.4499969482422
2022-12-21,AMZN,86.7699966430664
2022-12-21,CDR.PL,130.10000610351562
2022-12-21,CSPX.UK,401.75
2022-12-21,DAXEX.DE,
2022-12-21,GOOGL,89.58000183105469
2022-12-21,TSLA,137.57000732421875
2022-12-21,V80A.DE,26.920000076293945
2022-12-22,AAPL,132.22999572753906
2022-12-22,AMZN,83.79000091552734
2022-12-22,CDR.PL,127.0999984741211
2022-12-22,CSPX.UK,393.94000244140625
2022-12-22,DAXEX.DE,
2022-12-22,GOOGL,87.76000213623047
2022-12-22,TSLA,125.3499984741211
2022-12-22,V80A.DE,26.614999771118164
2022-12-23,AAPL,131.86000061035156
2022-12-23,AMZN,85.25
2022-12-23,CDR.PL,129.3000030517578
2022-12-23,CSPX.UK,396.5199890136719
2022-12-23,DAXEX.DE,
2022-12-23,GOOGL,89.2300033569336
2022-12-23,TSLA,123.1500015258789
2022-12-23,V80A.DE,26.610000610351562
2022-12-27,AAPL,130.02999877929688
2022-12-27,AMZN,83.04000091552734
2022-12-27,CDR.PL,127.04000091552734
2022-12-27,CSPX.UK,
2022-12-27,DAXEX.DE,
2022-12-27,GOOGL,87.38999938964844
2022-12-27,TSLA,109.0999984741211
2022-12-27,V80A.DE,26.69499969482422
2022-12-28,AAPL,126.04000091552734
2022-12-28,AMZN,81.81999969482422
2022-12-28,CDR.PL,125.68000030517578
2022-12-28,CSPX.UK,393.7099914550781
2022-12-28,DAXEX.DE,
2022-12-28,GOOGL,86.0199966430664
2022-12-28,TSLA,112.70999908447266
2022-12-28,V80A.DE,26.565000534057617
2022-12-29,AAPL,129.61000061035156
2022-12-29,AMZN,84.18000030517578
2022-12-29,CDR.PL,128.86000061035156
2022-12-29,CSPX.UK,398.30999755859375
2022-12-29,DAXEX.DE,
2022-12-29,GOOGL,88.44999694824219
2022-12-29,TSLA,121.81999969482422
2022-12-29,V80A.DE,26.649999618530273
2022-12-30,AAPL,129.92999267578125
2022-12-30,AMZN,84.0
2022-12-30,CDR.PL,129.63999938964844
2022-12-30,CSPX.UK,396.0899963378906
2022-12-30,DAXEX.DE,
2022-12-30,GOOGL,88.2300033569336
2022-12-30,TSLA,123.18000030517578
2022-12-30,V80A.DE,26.565000534057617
